<?xml version="1.0" encoding="UTF-8"?><rss version="2.0"
	xmlns:content="http://purl.org/rss/1.0/modules/content/"
	xmlns:dc="http://purl.org/dc/elements/1.1/"
	xmlns:atom="http://www.w3.org/2005/Atom"
	xmlns:sy="http://purl.org/rss/1.0/modules/syndication/"
	
	>
<channel>
	<title>
	Comments on: Tra cứu thông tin trên internet	</title>
	<atom:link href="http://localhost/myproject/wordpress/khong-phan-loai/tra-cuu-thong-tin-tren-internet/feed/" rel="self" type="application/rss+xml" />
	<link>http://https://github.com/suvir1408/suvir1408.git/khong-phan-loai/tra-cuu-thong-tin-tren-internet/</link>
	<description>Một trang web mới sử dụng WordPress</description>
	<lastBuildDate>Tue, 25 May 2021 03:34:26 +0000</lastBuildDate>
	<sy:updatePeriod>
	hourly	</sy:updatePeriod>
	<sy:updateFrequency>
	1	</sy:updateFrequency>
	<generator>https://wordpress.org/?v=5.7.2</generator>
</channel>
</rss>
