<?xml version="1.0" encoding="UTF-8"?><rss version="2.0"
	xmlns:content="http://purl.org/rss/1.0/modules/content/"
	xmlns:dc="http://purl.org/dc/elements/1.1/"
	xmlns:atom="http://www.w3.org/2005/Atom"
	xmlns:sy="http://purl.org/rss/1.0/modules/syndication/"
	
	>
<channel>
	<title>
	Comments for My WordPress	</title>
	<atom:link href="http://localhost/myproject/wordpress/comments/feed/" rel="self" type="application/rss+xml" />
	<link>http://https://github.com/suvir1408/suvir1408.git</link>
	<description>Một trang web mới sử dụng WordPress</description>
	<lastBuildDate>Tue, 01 Jun 2021 03:42:56 +0000</lastBuildDate>
	<sy:updatePeriod>
	hourly	</sy:updatePeriod>
	<sy:updateFrequency>
	1	</sy:updateFrequency>
	<generator>https://wordpress.org/?v=5.7.2</generator>
	<item>
		<title>
		Comment on Chào tất cả mọi người! by GIA HUY		</title>
		<link>http://https://github.com/suvir1408/suvir1408.git/khong-phan-loai/chao-moi-nguoi/#comment-16</link>

		<dc:creator><![CDATA[GIA HUY]]></dc:creator>
		<pubDate>Tue, 01 Jun 2021 03:42:56 +0000</pubDate>
		<guid isPermaLink="false">http://https://github.com/suvir1408/suvir1408.git/?p=1#comment-16</guid>

					<description><![CDATA[spam]]></description>
			<content:encoded><![CDATA[<p>spam</p>
]]></content:encoded>
		
			</item>
		<item>
		<title>
		Comment on Chào tất cả mọi người! by GIA HUY		</title>
		<link>http://https://github.com/suvir1408/suvir1408.git/khong-phan-loai/chao-moi-nguoi/#comment-15</link>

		<dc:creator><![CDATA[GIA HUY]]></dc:creator>
		<pubDate>Tue, 18 May 2021 03:45:53 +0000</pubDate>
		<guid isPermaLink="false">http://https://github.com/suvir1408/suvir1408.git/?p=1#comment-15</guid>

					<description><![CDATA[In reply to &lt;a href=&quot;http://https://github.com/suvir1408/suvir1408.git/khong-phan-loai/chao-moi-nguoi/#comment-13&quot;&gt;Một người bình luận WordPress&lt;/a&gt;.

ok]]></description>
			<content:encoded><![CDATA[<p>In reply to <a href="http://https://github.com/suvir1408/suvir1408.git/khong-phan-loai/chao-moi-nguoi/#comment-13">Một người bình luận WordPress</a>.</p>
<p>ok</p>
]]></content:encoded>
		
			</item>
		<item>
		<title>
		Comment on Chào tất cả mọi người! by user1		</title>
		<link>http://https://github.com/suvir1408/suvir1408.git/khong-phan-loai/chao-moi-nguoi/#comment-14</link>

		<dc:creator><![CDATA[user1]]></dc:creator>
		<pubDate>Tue, 18 May 2021 03:34:38 +0000</pubDate>
		<guid isPermaLink="false">http://https://github.com/suvir1408/suvir1408.git/?p=1#comment-14</guid>

					<description><![CDATA[In reply to &lt;a href=&quot;http://https://github.com/suvir1408/suvir1408.git/khong-phan-loai/chao-moi-nguoi/#comment-13&quot;&gt;Một người bình luận WordPress&lt;/a&gt;.

ok]]></description>
			<content:encoded><![CDATA[<p>In reply to <a href="http://https://github.com/suvir1408/suvir1408.git/khong-phan-loai/chao-moi-nguoi/#comment-13">Một người bình luận WordPress</a>.</p>
<p>ok</p>
]]></content:encoded>
		
			</item>
		<item>
		<title>
		Comment on Chào tất cả mọi người! by Một người bình luận WordPress		</title>
		<link>http://https://github.com/suvir1408/suvir1408.git/khong-phan-loai/chao-moi-nguoi/#comment-13</link>

		<dc:creator><![CDATA[Một người bình luận WordPress]]></dc:creator>
		<pubDate>Thu, 13 May 2021 09:02:54 +0000</pubDate>
		<guid isPermaLink="false">http://https://github.com/suvir1408/suvir1408.git/?p=1#comment-13</guid>

					<description><![CDATA[Xin chào, đây là một bình luận
Để bắt đầu với quản trị bình luận, chỉnh sửa hoặc xóa bình luận, vui lòng truy cập vào khu vực Bình luận trong trang quản trị.
Avatar của người bình luận sử dụng &lt;a href=&quot;https://gravatar.com&quot;/ rel=&quot;nofollow ugc&quot;&gt;Gravatar&lt;/a&gt;.]]></description>
			<content:encoded><![CDATA[<p>Xin chào, đây là một bình luận<br />
Để bắt đầu với quản trị bình luận, chỉnh sửa hoặc xóa bình luận, vui lòng truy cập vào khu vực Bình luận trong trang quản trị.<br />
Avatar của người bình luận sử dụng <a href="https://gravatar.com/" rel="nofollow ugc">Gravatar</a>.</p>
]]></content:encoded>
		
			</item>
	</channel>
</rss>
